{
  "Open Issue ID 1" : {
    "transaction" : "Open Issue ID 1",
    "sampleCount" : 20603,
    "errorCount" : 18076,
    "errorPct" : 87.734795,
    "meanResTime" : 56.33140804737173,
    "medianResTime" : 4.0,
    "minResTime" : 2.0,
    "maxResTime" : 737.0,
    "pct1ResTime" : 269.90000000000146,
    "pct2ResTime" : 482.9500000000007,
    "pct3ResTime" : 600.0,
    "throughput" : 5.722936327715394,
    "receivedKBytesPerSec" : 1540.7102656932495,
    "sentKBytesPerSec" : 0.22104519957917546
  },
  "Reload Issue to Verify Comment" : {
    "transaction" : "Reload Issue to Verify Comment",
    "sampleCount" : 20602,
    "errorCount" : 18384,
    "errorPct" : 89.234055,
    "meanResTime" : 49.710804776235435,
    "medianResTime" : 4.0,
    "minResTime" : 1.0,
    "maxResTime" : 685.0,
    "pct1ResTime" : 196.0,
    "pct2ResTime" : 451.9500000000007,
    "pct3ResTime" : 599.0,
    "throughput" : 5.7242279155163756,
    "receivedKBytesPerSec" : 1294.0897392790896,
    "sentKBytesPerSec" : 0.2036697604018018
  },
  "Open Login Page" : {
    "transaction" : "Open Login Page",
    "sampleCount" : 346457,
    "errorCount" : 279586,
    "errorPct" : 80.698616,
    "meanResTime" : 25.63237284857893,
    "medianResTime" : 4.0,
    "minResTime" : 1.0,
    "maxResTime" : 279.0,
    "pct1ResTime" : 103.0,
    "pct2ResTime" : 108.95000000000073,
    "pct3ResTime" : 122.0,
    "throughput" : 96.2417982921558,
    "receivedKBytesPerSec" : 271.10734699144547,
    "sentKBytesPerSec" : 5.466235796322635
  },
  "Total" : {
    "transaction" : "Total",
    "sampleCount" : 1466028,
    "errorCount" : 1200377,
    "errorPct" : 81.87954,
    "meanResTime" : 26.70414412275731,
    "medianResTime" : 4.0,
    "minResTime" : 1.0,
    "maxResTime" : 737.0,
    "pct1ResTime" : 108.0,
    "pct2ResTime" : 123.0,
    "pct3ResTime" : 146.0,
    "throughput" : 407.1992338356658,
    "receivedKBytesPerSec" : 3997.07348201964,
    "sentKBytesPerSec" : 27.17122939773717
  },
  "Open Manage Users" : {
    "transaction" : "Open Manage Users",
    "sampleCount" : 134670,
    "errorCount" : 110449,
    "errorPct" : 82.01456,
    "meanResTime" : 28.791817034231915,
    "medianResTime" : 4.0,
    "minResTime" : 1.0,
    "maxResTime" : 342.0,
    "pct1ResTime" : 127.0,
    "pct2ResTime" : 137.0,
    "pct3ResTime" : 157.0,
    "throughput" : 37.40967384664617,
    "receivedKBytesPerSec" : 213.65056976607633,
    "sentKBytesPerSec" : 2.022556741442957
  },
  "View Issues Page" : {
    "transaction" : "View Issues Page",
    "sampleCount" : 20603,
    "errorCount" : 18313,
    "errorPct" : 88.88512,
    "meanResTime" : 24.07309615104615,
    "medianResTime" : 4.0,
    "minResTime" : 2.0,
    "maxResTime" : 289.0,
    "pct1ResTime" : 133.0,
    "pct2ResTime" : 172.0,
    "pct3ResTime" : 206.0,
    "throughput" : 5.723435528080892,
    "receivedKBytesPerSec" : 27.613161060814175,
    "sentKBytesPerSec" : 0.2139741664446612
  },
  "Open Manage Projects" : {
    "transaction" : "Open Manage Projects",
    "sampleCount" : 200378,
    "errorCount" : 163966,
    "errorPct" : 81.82835,
    "meanResTime" : 27.02041142241191,
    "medianResTime" : 4.0,
    "minResTime" : 1.0,
    "maxResTime" : 358.0,
    "pct1ResTime" : 127.0,
    "pct2ResTime" : 134.0,
    "pct3ResTime" : 149.0,
    "throughput" : 55.66196256627598,
    "receivedKBytesPerSec" : 242.99606780207847,
    "sentKBytesPerSec" : 3.0565369521319843
  },
  "Login" : {
    "transaction" : "Login",
    "sampleCount" : 702113,
    "errorCount" : 572658,
    "errorPct" : 81.56209,
    "meanResTime" : 25.420852483859445,
    "medianResTime" : 4.0,
    "minResTime" : 1.0,
    "maxResTime" : 351.0,
    "pct1ResTime" : 104.0,
    "pct2ResTime" : 115.0,
    "pct3ResTime" : 132.0,
    "throughput" : 195.02905937512412,
    "receivedKBytesPerSec" : 394.191075569271,
    "sentKBytesPerSec" : 15.67717358471482
  },
  "Add Comment to Issue" : {
    "transaction" : "Add Comment to Issue",
    "sampleCount" : 20602,
    "errorCount" : 18945,
    "errorPct" : 91.95709,
    "meanResTime" : 21.73531695951854,
    "medianResTime" : 4.0,
    "minResTime" : 1.0,
    "maxResTime" : 268.0,
    "pct1ResTime" : 121.0,
    "pct2ResTime" : 153.0,
    "pct3ResTime" : 184.0,
    "throughput" : 5.725137806807028,
    "receivedKBytesPerSec" : 13.339960019717156,
    "sentKBytesPerSec" : 0.3124551898615985
  }
}